{
  "graph_sizes": [
    10,
    20,
    30
  ],
  "removal_pcts": [
    0.0,
    0.1,
    0.2,
    0.3
  ],
  "target_ks": [
    1,
    2,
    3,
    4,
    5,
    6,
    7,
    8,
    9,
    10
  ],
  "num_graphs": 10,
  "num_samples": 200,
  "seed": 42,
  "results": {
    "10": {
      "0.0": {
        "1": {
          "sc_ratio": 0.649,
          "mean_apsp": 2.5115835365751775
        },
        "2": {
          "sc_ratio": 0.7365,
          "mean_apsp": 2.4517183310060418
        },
        "3": {
          "sc_ratio": 0.825,
          "mean_apsp": 2.3846530217108395
        },
        "4": {
          "sc_ratio": 0.8855000000000001,
          "mean_apsp": 2.3488555611685022
        },
        "5": {
          "sc_ratio": 0.9115,
          "mean_apsp": 2.3339077511863606
        },
        "6": {
          "sc_ratio": 0.9164999999999999,
          "mean_apsp": 2.3367625720306178
        },
        "7": {
          "sc_ratio": 0.9605,
          "mean_apsp": 2.3182496027692654
        },
        "8": {
          "sc_ratio": 0.9484999999999999,
          "mean_apsp": 2.3061172068041196
        },
        "9": {
          "sc_ratio": 0.9775,
          "mean_apsp": 2.295039784946236
        },
        "10": {
          "sc_ratio": 0.975,
          "mean_apsp": 2.2876481481481483
        }
      },
      "0.1": {
        "1": {
          "sc_ratio": 0.48100000000000004,
          "mean_apsp": 2.7262287170565482
        },
        "2": {
          "sc_ratio": 0.5895,
          "mean_apsp": 2.6181269742465667
        },
        "3": {
          "sc_ratio": 0.5885,
          "mean_apsp": 2.6086999866872107
        },
        "4": {
          "sc_ratio": 0.6775,
          "mean_apsp": 2.5550980137093964
        },
        "5": {
          "sc_ratio": 0.785,
          "mean_apsp": 2.5379115238874315
        },
        "6": {
          "sc_ratio": 0.7275,
          "mean_apsp": 2.5579775406957235
        },
        "7": {
          "sc_ratio": 0.7915,
          "mean_apsp": 2.559568658637961
        },
        "8": {
          "sc_ratio": 0.8845000000000001,
          "mean_apsp": 2.4793377935831313
        },
        "9": {
          "sc_ratio": 0.9484999999999999,
          "mean_apsp": 2.484174284077892
        },
        "10": {
          "sc_ratio": 1.0,
          "mean_apsp": 2.4760666666666666
        }
      },
      "0.2": {
        "1": {
          "sc_ratio": 0.4335,
          "mean_apsp": 2.901084686645041
        },
        "2": {
          "sc_ratio": 0.5974999999999999,
          "mean_apsp": 2.8327254506269868
        },
        "3": {
          "sc_ratio": 0.6775,
          "mean_apsp": 2.8090190774198747
        },
        "4": {
          "sc_ratio": 0.7605000000000001,
          "mean_apsp": 2.7971616847623646
        },
        "5": {
          "sc_ratio": 0.765,
          "mean_apsp": 2.763907466526078
        },
        "6": {
          "sc_ratio": 0.8024999999999999,
          "mean_apsp": 2.789333387045519
        },
        "7": {
          "sc_ratio": 0.9100000000000001,
          "mean_apsp": 2.763725877046597
        },
        "8": {
          "sc_ratio": 0.857,
          "mean_apsp": 2.7505988529294565
        },
        "9": {
          "sc_ratio": 0.9045,
          "mean_apsp": 2.7488624587940906
        },
        "10": {
          "sc_ratio": 0.914,
          "mean_apsp": 2.748136062231782
        }
      },
      "0.3": {
        "1": {
          "sc_ratio": 0.362,
          "mean_apsp": 3.2595858691308073
        },
        "2": {
          "sc_ratio": 0.437,
          "mean_apsp": 3.2002416210865805
        },
        "3": {
          "sc_ratio": 0.4450000000000001,
          "mean_apsp": 3.25152443122231
        },
        "4": {
          "sc_ratio": 0.406,
          "mean_apsp": 3.218856554460257
        },
        "5": {
          "sc_ratio": 0.6925,
          "mean_apsp": 3.1649594236344902
        },
        "6": {
          "sc_ratio": 0.8030000000000002,
          "mean_apsp": 3.129700233777794
        },
        "7": {
          "sc_ratio": 0.8030000000000002,
          "mean_apsp": 3.11860578933335
        },
        "8": {
          "sc_ratio": 0.8030000000000002,
          "mean_apsp": 3.11860578933335
        },
        "9": {
          "sc_ratio": 0.8030000000000002,
          "mean_apsp": 3.11860578933335
        },
        "10": {
          "sc_ratio": 0.8030000000000002,
          "mean_apsp": 3.11860578933335
        }
      }
    },
    "20": {
      "0.0": {
        "1": {
          "sc_ratio": 0.403,
          "mean_apsp": 3.352813863843641
        },
        "2": {
          "sc_ratio": 0.5205,
          "mean_apsp": 3.235432648905846
        },
        "3": {
          "sc_ratio": 0.601,
          "mean_apsp": 3.1982408274333665
        },
        "4": {
          "sc_ratio": 0.6094999999999999,
          "mean_apsp": 3.1528564149565663
        },
        "5": {
          "sc_ratio": 0.6519999999999999,
          "mean_apsp": 3.135002103631856
        },
        "6": {
          "sc_ratio": 0.7185,
          "mean_apsp": 3.12932496185704
        },
        "7": {
          "sc_ratio": 0.704,
          "mean_apsp": 3.1095381771786523
        },
        "8": {
          "sc_ratio": 0.7735000000000001,
          "mean_apsp": 3.0765723216892815
        },
        "9": {
          "sc_ratio": 0.7859999999999999,
          "mean_apsp": 3.0599097883500628
        },
        "10": {
          "sc_ratio": 0.873,
          "mean_apsp": 3.063727333179268
        }
      },
      "0.1": {
        "1": {
          "sc_ratio": 0.259,
          "mean_apsp": 3.575008659977027
        },
        "2": {
          "sc_ratio": 0.398,
          "mean_apsp": 3.4387788411276654
        },
        "3": {
          "sc_ratio": 0.509,
          "mean_apsp": 3.357969044597861
        },
        "4": {
          "sc_ratio": 0.46799999999999997,
          "mean_apsp": 3.3434254233879237
        },
        "5": {
          "sc_ratio": 0.46499999999999997,
          "mean_apsp": 3.339493069277799
        },
        "6": {
          "sc_ratio": 0.5585000000000001,
          "mean_apsp": 3.2772475963760996
        },
        "7": {
          "sc_ratio": 0.5165,
          "mean_apsp": 3.3146058546186223
        },
        "8": {
          "sc_ratio": 0.619,
          "mean_apsp": 3.2536026218637466
        },
        "9": {
          "sc_ratio": 0.685,
          "mean_apsp": 3.226827481208597
        },
        "10": {
          "sc_ratio": 0.6995000000000001,
          "mean_apsp": 3.231105265039749
        }
      },
      "0.2": {
        "1": {
          "sc_ratio": 0.14250000000000002,
          "mean_apsp": 4.029822627153834
        },
        "2": {
          "sc_ratio": 0.21349999999999997,
          "mean_apsp": 3.9490696959018523
        },
        "3": {
          "sc_ratio": 0.25199999999999995,
          "mean_apsp": 3.8075935386662634
        },
        "4": {
          "sc_ratio": 0.303,
          "mean_apsp": 3.7177665647233766
        },
        "5": {
          "sc_ratio": 0.29450000000000004,
          "mean_apsp": 3.7176516697701545
        },
        "6": {
          "sc_ratio": 0.4225,
          "mean_apsp": 3.689825371578557
        },
        "7": {
          "sc_ratio": 0.40049999999999997,
          "mean_apsp": 3.6531451370045493
        },
        "8": {
          "sc_ratio": 0.545,
          "mean_apsp": 3.613566595852228
        },
        "9": {
          "sc_ratio": 0.49050000000000005,
          "mean_apsp": 3.6606718983578306
        },
        "10": {
          "sc_ratio": 0.506,
          "mean_apsp": 3.618264938962021
        }
      },
      "0.3": {
        "1": {
          "sc_ratio": 0.030500000000000006,
          "mean_apsp": 4.5031659878863834
        },
        "2": {
          "sc_ratio": 0.062,
          "mean_apsp": 4.3475317251107395
        },
        "3": {
          "sc_ratio": 0.066,
          "mean_apsp": 4.260661507933285
        },