{
  "graph_sizes": [
    10,
    20,
    30
  ],
  "removal_pcts": [
    0.0,
    0.1,
    0.2,
    0.3
  ],
  "target_ks": [
    1,
    2,
    3,
    4,
    5,
    6,
    7,
    8,
    9,
    10
  ],
  "num_graphs": 10,
  "num_samples": 1,
  "seed": 42,
  "results": {
    "10": {
      "0.0": {
        "1": {
          "sc_ratio": 1.0,
          "mean_apsp": 2.198888888888889
        },
        "2": {
          "sc_ratio": 1.0,
          "mean_apsp": 2.194444444444444
        },
        "3": {
          "sc_ratio": 1.0,
          "mean_apsp": 2.194444444444444
        },
        "4": {
          "sc_ratio": 1.0,
          "mean_apsp": 2.1911111111111112
        },
        "5": {
          "sc_ratio": 1.0,
          "mean_apsp": 2.187777777777778
        },
        "6": {
          "sc_ratio": 1.0,
          "mean_apsp": 2.2255555555555557
        },
        "7": {
          "sc_ratio": 1.0,
          "mean_apsp": 2.1866666666666665
        },
        "8": {
          "sc_ratio": 1.0,
          "mean_apsp": 2.2077777777777774
        },
        "9": {
          "sc_ratio": 1.0,
          "mean_apsp": 2.2222222222222223
        },
        "10": {
          "sc_ratio": 1.0,
          "mean_apsp": 2.215555555555556
        }
      },
      "0.1": {
        "1": {
          "sc_ratio": 1.0,
          "mean_apsp": 2.4111111111111105
        },
        "2": {
          "sc_ratio": 1.0,
          "mean_apsp": 2.4266666666666667
        },
        "3": {
          "sc_ratio": 1.0,
          "mean_apsp": 2.4122222222222227
        },
        "4": {
          "sc_ratio": 1.0,
          "mean_apsp": 2.413333333333333
        },
        "5": {
          "sc_ratio": 1.0,
          "mean_apsp": 2.405555555555556
        },
        "6": {
          "sc_ratio": 1.0,
          "mean_apsp": 2.3988888888888886
        },
        "7": {
          "sc_ratio": 1.0,
          "mean_apsp": 2.401111111111111
        },
        "8": {
          "sc_ratio": 1.0,
          "mean_apsp": 2.405555555555556
        },
        "9": {
          "sc_ratio": 1.0,
          "mean_apsp": 2.434444444444444
        },
        "10": {
          "sc_ratio": 1.0,
          "mean_apsp": 2.404444444444444
        }
      },
      "0.2": {
        "1": {
          "sc_ratio": 1.0,
          "mean_apsp": 2.6433333333333335
        },
        "2": {
          "sc_ratio": 1.0,
          "mean_apsp": 2.6233333333333335
        },
        "3": {
          "sc_ratio": 1.0,
          "mean_apsp": 2.6377777777777776
        },
        "4": {
          "sc_ratio": 1.0,
          "mean_apsp": 2.648888888888889
        },
        "5": {
          "sc_ratio": 1.0,
          "mean_apsp": 2.641111111111111
        },
        "6": {
          "sc_ratio": 1.0,
          "mean_apsp": 2.6399999999999997
        },
        "7": {
          "sc_ratio": 1.0,
          "mean_apsp": 2.6399999999999997
        },
        "8": {
          "sc_ratio": 1.0,
          "mean_apsp": 2.6488888888888886
        },
        "9": {
          "sc_ratio": 1.0,
          "mean_apsp": 2.6633333333333336
        },
        "10": {
          "sc_ratio": 1.0,
          "mean_apsp": 2.651111111111111
        }
      },
      "0.3": {
        "1": {
          "sc_ratio": 1.0,
          "mean_apsp": 3.0044444444444443
        },
        "2": {
          "sc_ratio": 1.0,
          "mean_apsp": 2.9955555555555553
        },
        "3": {
          "sc_ratio": 1.0,
          "mean_apsp": 2.992222222222222
        },
        "4": {
          "sc_ratio": 1.0,
          "mean_apsp": 2.9988888888888887
        },
        "5": {
          "sc_ratio": 1.0,
          "mean_apsp": 3.002222222222222
        },
        "6": {
          "sc_ratio": 1.0,
          "mean_apsp": 3.017777777777778
        },
        "7": {
          "sc_ratio": 1.0,
          "mean_apsp": 3.0211111111111113
        },
        "8": {
          "sc_ratio": 1.0,
          "mean_apsp": 3.02
        },
        "9": {
          "sc_ratio": 1.0,
          "mean_apsp": 3.0155555555555553
        },
        "10": {
          "sc_ratio": 1.0,
          "mean_apsp": 3.0166666666666666
        }
      }
    },
    "20": {
      "0.0": {
        "1": {
          "sc_ratio": 1.0,
          "mean_apsp": 2.8815789473684212
        },
        "2": {
          "sc_ratio": 1.0,
          "mean_apsp": 2.8734210526315787
        },
        "3": {
          "sc_ratio": 1.0,
          "mean_apsp": 2.8686842105263155
        },
        "4": {
          "sc_ratio": 1.0,
          "mean_apsp": 2.868947368421053
        },
        "5": {
          "sc_ratio": 1.0,
          "mean_apsp": 2.8647368421052635
        },
        "6": {
          "sc_ratio": 1.0,
          "mean_apsp": 2.8721052631578945
        },
        "7": {
          "sc_ratio": 1.0,
          "mean_apsp": 2.8744736842105265
        },
        "8": {
          "sc_ratio": 1.0,
          "mean_apsp": 2.869736842105263
        },
        "9": {
          "sc_ratio": 1.0,
          "mean_apsp": 2.857105263157895
        },
        "10": {
          "sc_ratio": 1.0,
          "mean_apsp": 2.8578947368421055
        }
      },
      "0.1": {
        "1": {
          "sc_ratio": 1.0,
          "mean_apsp": 3.015789473684211
        },
        "2": {
          "sc_ratio": 1.0,
          "mean_apsp": 3.033684210526316
        },
        "3": {
          "sc_ratio": 1.0,
          "mean_apsp": 3.0328947368421053
        },
        "4": {
          "sc_ratio": 1.0,
          "mean_apsp": 3.026842105263158
        },
        "5": {
          "sc_ratio": 1.0,
          "mean_apsp": 3.0107894736842105
        },
        "6": {
          "sc_ratio": 1.0,
          "mean_apsp": 3.011315789473684
        },
        "7": {
          "sc_ratio": 1.0,
          "mean_apsp": 3.024736842105263
        },
        "8": {
          "sc_ratio": 1.0,
          "mean_apsp": 3.001315789473684
        },
        "9": {
          "sc_ratio": 1.0,
          "mean_apsp": 3.008947368421053
        },
        "10": {
          "sc_ratio": 1.0,
          "mean_apsp": 3.0102631578947365
        }
      },
      "0.2": {
        "1": {
          "sc_ratio": 1.0,
          "mean_apsp": 3.3568421052631576
        },
        "2": {
          "sc_ratio": 1.0,
          "mean_apsp": 3.3536842105263163
        },
        "3": {
          "sc_ratio": 1.0,
          "mean_apsp": 3.342894736842106
        },
        "4": {
          "sc_ratio": 1.0,
          "mean_apsp": 3.3615789473684208
        },
        "5": {
          "sc_ratio": 1.0,
          "mean_apsp": 3.341842105263157
        },
        "6": {
          "sc_ratio": 1.0,
          "mean_apsp": 3.3310526315789475
        },
        "7": {
          "sc_ratio": 1.0,
          "mean_apsp": 3.3547368421052632
        },
        "8": {
          "sc_ratio": 1.0,
          "mean_apsp": 3.3642105263157887
        },
        "9": {
          "sc_ratio": 1.0,
          "mean_apsp": 3.3805263157894734
        },
        "10": {
          "sc_ratio": 1.0,
          "mean_apsp": 3.3473684210526313
        }
      },
      "0.3": {
        "1": {
          "sc_ratio": 0.9800000000000001,
          "mean_apsp": 3.7847368421052634
        },
        "2": {
          "sc_ratio": 0.9800000000000001,
          "mean_apsp": 3.793684210526316
        },
        "3": {
          "sc_ratio": 1.0,
          "mean_apsp": 3.760526315789474
        },
        "4": {
          "sc_ratio": 1.0,
          "mean_apsp": 3.775526315789474
        },
        "5": {
          "sc_ratio": 1.0,
          "mean_apsp": 3.7968421052631576
        },
        "6": {
          "sc_ratio": 0.99,
          "mean_apsp": 3.821315789473684
        },
        "7": {
          "sc_ratio": 1.0,
          "mean_apsp": 3.8005263157894738
        },
        "8": {
          "sc_ratio": 1.0,
          "mean_apsp": 3.837105263157895
        },
        "9": {
          "sc_ratio": 0.99,
          "mean_apsp": 3.814736842105263
        },