{
  "sizes": [
    100,
    200,
    300,
    400,
    500
  ],
  "mr2s": {
    "apsp": [
      5.498821548821549,
      7.311884422110552,
      8.563448532144184,
      9.755779030910611,
      10.488981963927856
    ],
    "flow": [
      48.0,
      100.66666666666667,
      151.33333333333334,
      189.33333333333334,
      248.0
    ],
    "qubo_vars": [
      284.0,
      582.0,
      881.6666666666666,
      1178.6666666666667,
      1480.6666666666667
    ],
    "subgraph_size": [
      284.0,
      582.0,
      881.6666666666666,
      1178.6666666666667,
      1480.6666666666667
    ],
    "phys_total": [
      2764.3333333333335,
      NaN,
      NaN,
      NaN,
      NaN
    ],
    "phys_max": [
      2764.3333333333335,
      NaN,
      NaN,
      NaN,
      NaN
    ],
    "phys_mean": [
      2764.3333333333335,
      NaN,
      NaN,
      NaN,
      NaN
    ],
    "phys_min": [
      2764.3333333333335,
      NaN,
      NaN,
      NaN,
      NaN
    ]
  },
  "global": {
    "apsp": [
      5.408888888888889,
      7.276733668341709,
      8.535934596804163,
      9.81549707602339,
      10.478161656646627
    ],
    "flow": [
      48.0,
      98.0,
      151.33333333333334,
      190.66666666666666,
      245.33333333333334
    ],
    "qubo_vars": [
      284.0,
      582.0,
      881.6666666666666,
      1178.6666666666667,
      1480.6666666666667
    ],
    "subgraph_size": [
      284.0,
      582.0,
      881.6666666666666,
      1178.6666666666667,
      1480.6666666666667
    ],
    "phys_total": [
      2809.3333333333335,
      NaN,
      NaN,
      NaN,
      NaN
    ],
    "phys_max": [],
    "phys_mean": [],
    "phys_min": []
  },
  "raw_sa": {
    "apsp": [
      5.131346801346801,
      6.731742043551088,
      7.847792642140469,
      Infinity,
      Infinity
    ],
    "flow": [
      117.33333333333333,
      232.66666666666666,
      392.6666666666667,
      756.0,
      1368.0
    ]
  },
  "random": {
    "apsp": [
      6.646727272727273,
      0.0,
      0.0,
      0.0,
      0.0
    ],
    "flow": [
      450.0,
      0.0,
      0.0,
      0.0,
      0.0
    ]
  }
}